region,sdo,size,authorized_position,total_enrolment,teacher_count,school_count,classroom_count,psds_count,districts_count,legdist_count,locality,locality_classification,fixed_cost,schools_multiplier,teacher_multiplier,classroom_multiplier,enrolment_multiplier,staff_multiplier,total_mooe,district_school_ratio,excess_school,additional_districts_needed,latitude,longitude,match_key
CAR,Abra,M,84,"47,230","2,740",317,2870,10,28,1,Province,,"2,400,000","3,120",1430,143,8,12000,"10,465,000",420,-52,-3,17.58,120.8,car_abra
CAR,Apayao,M,84,"26,736","1,584",200,1754,10,8,1,Province,,"2,400,000","3,120",1430,143,8,12000,"8,019,000",120,119,8,18.3424033,121.3694875,car_apayao
CAR,Baguio City,M,84,"57,387","2,441",67,2066,10,3,2,City,Highly Urbanized,"2,400,000","3,120",1430,143,8,12000,"9,023,000",45,42,3,16.4030385,120.6044357,car_baguio
CAR,Benguet,M,84,"82,140","4,359",430,4429,10,14,2,Province,,"2,400,000","3,120",1430,143,8,12000,"13,136,000",210,313,21,16.4122578,120.6403079,car_benguet
CAR,Ifugao,M,84,"40,036","2,183",266,2188,10,12,1,Province,,"2,400,000","3,120",1430,143,8,12000,"9,480,000",180,120,8,16.7987818,121.1232633,car_ifugao
CAR,Kalinga,M,84,"23,076","1,465",193,1018,10,9,1,Province,,"2,400,000","3,120",1430,143,8,12000,"7,769,000",135,90,6,17.4124,121.4423,car_kalinga
CAR,Mt. Province,M,84,"32,621","2,251",266,1729,10,12,1,Province,,"2,400,000","3,120",1430,143,8,12000,"9,644,000",180,115,8,17.095941,120.9782002,car_mt
CAR,Tabuk City,M,84,"27,193","1,273",103,1241,10,10,1,City,Component City,"2,400,000","3,120",1430,143,8,12000,"7,159,000",150,-24,-2,17.4192149,121.4439381,car_tabuk
Caraga,Agusan Del Norte,M,84,"69,973","3,267",209,3054,10,17,2,Province,,"2,400,000","3,120",1430,143,8,12000,"10,817,000",255,3,0,9.074611,125.4783619,caraga_agusandelnorte
Caraga,Agusan Del Sur,M,84,"158,739","7,365",520,6373,10,30,2,Province,,"2,400,000","3,120",1430,143,8,12000,"19,752,000",450,178,12,8.55072,125.9371369,caraga_agusandelsur
Caraga,Bayugan City,S,61,"25,856","1,228",71,1111,0,5,3,City,Component City,"2,400,000","3,120",1430,143,8,12000,"6,644,000",75,9,1,8.7176196,125.7536896,caraga_bayugan
Caraga,Bislig City,M,84,"20,219",988,70,1026,10,4,1,City,Component City,"2,400,000","3,120",1430,143,8,12000,"6,762,000",60,24,2,8.2125882,126.3150725,caraga_bislig
Caraga,Butuan City,M,84,"84,500","3,499",138,2697,10,13,1,City,Highly Urbanized,"2,400,000","3,120",1430,143,8,12000,"11,279,000",195,-5,0,8.921773,125.5409258,caraga_butuan
Caraga,Cabadbaran City,S,61,"18,239",763,35,614,0,4,1,City,Component City,"2,400,000","3,120",1430,143,8,12000,"5,090,000",60,-14,-1,9.1233488,125.5323807,caraga_cabadbaran
Caraga,Dinagat Island,M,84,"27,747","1,495",144,1595,10,8,1,Province,,"2,400,000","3,120",1430,143,8,12000,"7,564,000",120,54,4,10.1577932,125.5851827,caraga_dinagatisland
Caraga,Siargao,M,84,"34,098","1,497",145,1730,10,12,1,Province,,"2,400,000","3,120",1430,143,8,12000,"7,931,000",180,-11,-1,9.9037596,126.0507404,caraga_siargao
Caraga,Surigao City,M,84,"32,487","1,349",87,1174,10,8,2,City,Component City,"2,400,000","3,120",1430,143,8,12000,"7,361,000",120,-11,-1,9.7854041,125.4875527,caraga_surigao
Caraga,Surigao del Norte,M,84,"61,698","2,816",202,2691,10,13,1,Province,,"2,400,000","3,120",1430,143,8,12000,"10,081,000",195,41,3,9.786602,125.4921244,caraga_surigaodelnorte
Caraga,Surigao del Sur,M,84,"121,479","5,363",453,4632,10,24,2,Province,,"2,400,000","3,120",1430,143,8,12000,"16,046,000",360,234,16,9.084,126.2,caraga_surigaodelsur
Caraga,Tandag City,S,61,"15,964",600,32,438,0,2,1,City,Component City,"2,400,000","3,120",1430,143,8,12000,"5,163,000",30,11,1,9.0803204,126.1969401,caraga_tandag
MIMAROPA,Calapan City,M,84,"30,603","1,326",59,1071,10,3,1,City,Component City,"2,400,000","3,120",1430,143,8,12000,"7,036,000",45,24,2,13.4146079,121.1793009,mimaropa_calapan
MIMAROPA,Marinduque,M,84,"54,280","2,713",229,3168,10,9,1,Province,,"2,400,000","3,120",1430,143,8,12000,"10,498,000",135,132,9,13.4765151,122.0276023,mimaropa_marinduque
MIMAROPA,Occidental Mindoro,M,84,"132,884","5,357",366,4680,10,14,1,Province,,"2,400,000","3,120",1430,143,8,12000,"15,521,000",210,190,13,13.2192006,120.6052944,mimaropa_occidentalmindoro
MIMAROPA,Oriental Mindoro,M,84,"172,004","7,461",549,7405,10,18,2,Province,,"2,400,000","3,120",1430,143,8,12000,"20,123,000",270,352,23,13.4049921,121.1769094,mimaropa_orientalmindoro
MIMAROPA,Palawan,L,142,"252,886","10,341",840,9904,33,35,2,Province,,"2,400,000","3,120",1430,143,8,12000,"28,100,000",525,415,28,9.4329014,118.5497087,mimaropa_palawan
MIMAROPA,Puerto Princesa City,M,84,"69,314","2,579",101,2107,10,3,1,City,Highly Urbanized,"2,400,000","3,120",1430,143,8,12000,"9,050,000",45,79,5,9.7808779,118.730191,mimaropa_puertoprincesa
MIMAROPA,Romblon,M,84,"74,039","3,766",270,3799,10,13,1,Province,,"2,400,000","3,120",1430,143,8,12000,"12,049,000",195,112,7,12.5758425,122.2699465,mimaropa_romblon
NCR,Caloocan City,L,142,"257,595","9,241",89,4865,33,7,2,City,Highly Urbanized,"2,400,000","3,120",1430,143,8,12000,"22,504,000",105,2,0,14.7321311,121.0237141,ncr_caloocan
NCR,City of San Juan,S,61,"11,492",482,13,526,0,2,1,City,Highly Urbanized,"2,400,000","3,120",1430,143,8,12000,"4,880,000",30,-12,-1,14.6043894,121.0290545,ncr_sanjuan
NCR,Las Piñas City,M,84,"86,663","3,778",40,1528,10,2,1,City,Highly Urbanized,"2,400,000","3,120",1430,143,8,12000,"11,281,000",30,13,1,14.4754196,120.9779967,ncr_laspias
NCR,Makati City,M,84,"30,667","1,484",23,1113,10,5,2,City,Highly Urbanized,"2,400,000","3,120",1430,143,8,12000,"8,425,000",75,-51,-3,14.5596508,121.043152,ncr_makati
NCR,Malabon City,M,84,"67,235","2,665",42,1206,10,5,1,City,Highly Urbanized,"2,400,000","3,120",1430,143,8,12000,"9,523,000",75,-19,-1,14.6578504,120.9511261,ncr_malabon
NCR,Mandaluyong City,M,84,"50,855","2,135",24,1823,10,2,1,City,Highly Urbanized,"2,400,000","3,120",1430,143,8,12000,"8,689,000",30,14,1,14.5820092,121.0494407,ncr_mandaluyong
NCR,Manila,L,142,"241,414","11,020",105,8288,33,39,6,City,Highly Urbanized,"2,400,000","3,120",1430,143,8,12000,"30,562,000",585,-452,-30,14.5936428,120.9822135,ncr_manila
NCR,Marikina City,M,84,"74,037","2,887",33,1899,10,2,2,City,Highly Urbanized,"2,400,000","3,120",1430,143,8,12000,"10,009,000",30,18,1,14.6307718,121.0977952,ncr_marikina
NCR,Muntinlupa City,M,84,"82,591","2,753",28,1934,10,2,1,City,Highly Urbanized,"2,400,000","3,120",1430,143,8,12000,"9,470,000",30,3,0,14.3877931,121.0467708,ncr_muntinlupa
NCR,Navotas,M,84,"44,327","1,769",25,737,10,2,1,City,Highly Urbanized,"2,400,000","3,120",1430,143,8,12000,"7,865,000",30,2,0,14.6580719,120.9478944,ncr_navotas
NCR,Paranaque City,M,84,"98,767","3,386",43,2209,10,3,2,City,Highly Urbanized,"2,400,000","3,120",1430,143,8,12000,"10,497,000",45,7,0,14.4910175,120.9897141,ncr_paranaque
NCR,Pasay City,M,84,"63,578","2,386",29,2062,10,4,1,City,Highly Urbanized,"2,400,000","3,120",1430,143,8,12000,"9,244,000",60,-19,-1,14.5449443,121.001437,ncr_pasay
NCR,Pasig City,M,84,"138,234","4,803",44,4335,10,5,1,City,Highly Urbanized,"2,400,000","3,120",1430,143,8,12000,"13,322,000",75,-21,-1,14.5608395,121.0787971,ncr_pasig
NCR,Quezon City,L,142,"404,037","14,817",157,9263,33,20,6,City,Highly Urbanized,"2,400,000","3,120",1430,143,8,12000,"34,756,000",300,-105,-7,14.658763,121.026885,ncr_quezon
NCR,Taguig City and Pateros,M,84,"189,558","6,981",62,3865,10,5,2,City,Highly Urbanized,"2,400,000","3,120",1430,143,8,12000,"16,627,000",75,14,1,14.4883803,121.0474888,ncr_taguigcity
NCR,Valenzuela City,M,84,"127,003","4,522",70,2729,10,4,2,City,Highly Urbanized,"2,400,000","3,120",1430,143,8,12000,"12,658,000",60,27,2,14.6757772,120.9847396,ncr_valenzuela
NIR,Bacolod City,M,84,"109,672","4,075",70,3366,10,7,1,City,Highly Urbanized,"2,400,000","3,120",1430,143,8,12000,"11,853,000",105,-12,-1,10.6650008,122.9428036,nir_bacolod
NIR,Bago City,M,84,"35,648","1,439",47,1404,10,4,1,City,Component City,"2,400,000","3,120",1430,143,8,12000,"7,780,000",60,-6,0,10.5379502,122.8376699,nir_bago
NIR,Bais City,S,61,"19,814","1,011",57,834,0,2,2,City,Component City,"2,400,000","3,120",1430,143,8,12000,"5,574,000",30,63,4,9.5943402,123.118047,nir_bais
NIR,Bayawan City,M,84,"44,023","1,677",105,1487,10,3,2,City,Component City,"2,400,000","3,120",1430,143,8,12000,"7,672,000",45,87,6,9.3610518,122.8138486,nir_bayawan
NIR,Cadiz City,M,84,"38,666","1,542",69,1296,10,4,1,City,Component City,"2,400,000","3,120",1430,143,8,12000,"7,586,000",60,27,2,10.9573736,123.3101028,nir_cadiz
NIR,Canlaon City,S,61,"14,304",518,38,396,0,1,1,City,Component City,"2,400,000","3,120",1430,143,8,12000,"4,665,000",15,31,2,10.3889263,123.2182149,nir_canlaon
NIR,Dumaguete City,S,61,"24,435",925,26,555,0,3,1,City,Component City,"2,400,000","3,120",1430,143,8,12000,"5,446,000",45,-14,-1,9.3137484,123.2880791,nir_dumaguete
NIR,Escalante City,S,61,"24,330","1,033",42,749,0,2,1,City,Component City,"2,400,000","3,120",1430,143,8,12000,"6,118,000",30,30,2,10.8535019,123.4846677,nir_escalante
NIR,Guihulngan City,S,61,"34,258","1,347",104,1012,0,3,1,City,Component City,"2,400,000","3,120",1430,143,8,12000,"6,353,000",45,78,5,10.1186593,123.2688693,nir_guihulngan
NIR,Himamaylan City,M,84,"27,168","1,138",57,935,10,2,1,City,Component City,"2,400,000","3,120",1430,143,8,12000,"6,561,000",30,48,3,10.0991365,122.8712795,nir_himamaylan
NIR,Kabankalan City,M,84,"48,378","1,966",95,1819,10,5,1,City,Component City,"2,400,000","3,120",1430,143,8,12000,"8,312,000",75,40,3,9.9884097,122.8151182,nir_kabankalan
NIR,La Carlota City,S,61,"16,908",796,31,937,0,3,2,City,Component City,"2,400,000","3,120",1430,143,8,12000,"5,435,000",45,-10,-1,10.4255665,122.9174696,nir_lacarlota
NIR,Negros Occidental,L,142,"283,432","11,718",576,11577,33,31,7,Province,,"2,400,000","3,120",1430,143,8,12000,"33,147,000",465,211,14,10.8,122.978,nir_negrosoccidental
NIR,Negros Oriental,L,142,"172,242","7,130",516,6323,33,19,3,Province,,"2,400,000","3,120",1430,143,8,12000,"21,690,000",285,334,22,9.3131444,123.3011085,nir_negrosoriental
NIR,Sagay City,M,84,"37,561","1,565",67,1544,10,3,1,City,Component City,"2,400,000","3,120",1430,143,8,12000,"7,499,000",45,39,3,10.8781434,123.4166693,nir_sagay
NIR,San Carlos City,M,84,"29,527","1,295",65,1177,10,5,1,City,Component City,"2,400,000","3,120",1430,143,8,12000,"7,164,000",75,3,0,10.4853818,123.4170551,nir_sancarlos
NIR,Silay City,M,84,"27,840","1,178",40,1067,10,4,1,City,Component City,"2,400,000","3,120",1430,143,8,12000,"6,989,000",60,2,0,10.7965165,122.9742204,nir_silay
NIR,Sipalay City,M,84,"19,273",833,49,787,10,2,2,City,Component City,"2,400,000","3,120",1430,143,8,12000,"6,038,000",30,35,2,9.7491304,122.4088443,nir_sipalay
NIR,Siquijor,M,84,"20,175","1,033",78,885,10,5,1,Province,,"2,400,000","3,120",1430,143,8,12000,"6,808,000",75,29,2,9.2529195,123.5946295,nir_siquijor
NIR,Tanjay City,S,61,"25,262","1,148",95,1102,0,4,1,City,Component City,"2,400,000","3,120",1430,143,8,12000,"6,601,000",60,58,4,9.5120403,123.1599914,nir_tanjay
NIR,Victorias City,S,61,"21,975",820,26,864,0,2,1,City,Component City,"2,400,000","3,120",1430,143,8,12000,"5,087,000",30,2,0,10.8984987,123.0729747,nir_victorias
Region I,Alaminos City,S,61,"21,453",910,46,949,0,3,1,City,Component City,"2,400,000","3,120",1430,143,8,12000,"5,597,000",45,11,1,16.1448779,119.9899546,regioni_alaminos
Region I,Batac City,S,61,"8,874",431,33,495,0,2,1,City,Component City,"2,400,000","3,120",1430,143,8,12000,"4,819,000",30,6,0,18.0707502,120.5848245,regioni_batac
Region I,Candon City,S,61,"11,520",569,34,567,0,2,1,City,Component City,"2,400,000","3,120",1430,143,8,12000,"4,940,000",30,12,1,17.1656592,120.4414933,regioni_candon
Region I,Dagupan City,M,84,"33,373",1423,39,1173,10,4,1,City,Component City,"2,400,000","3,120",1430,143,8,12000,"7,410,000",60,-10,-1,16.0422413,120.3331498,regioni_dagupan
Region I,Ilocos Norte,M,84,"76,943",4246,364,5804,10,20,2,Province,,"2,400,000","3,120",1430,143,8,12000,"13,550,000",300,133,9,18.20506,120.5941444,regioni_ilocosnorte
Region I,Ilocos Sur,M,84,"99,329",5326,506,6240,10,23,2,Province,,"2,400,000","3,120",1430,143,8,12000,"16,191,000",345,258,17,17.5769301,120.3907861,regioni_ilocossur
Region I,La Union,M,84,"126,945",6131,386,6175,10,22,2,Province,,"2,400,000","3,120",1430,143,8,12000,"16,892,000",330,173,12,16.6198806,120.3276363,regioni_launion
Region I,Laoag City,S,61,"20,499",951,40,1317,0,3,1,City,Component City,"2,400,000","3,120",1430,143,8,12000,"6,188,000",45,5,0,18.1950211,120.5917627,regioni_laoag
Region I,"Pangasinan I, Lingayen",L,142,"290,901",12919,662,11923,33,31,3,Province,,"2,400,000","3,120",1430,143,8,12000,"32,102,000",465,374,25,16.0320816,120.2331212,regioni_pangasinanilingayen
Region I,"Pangasinan II, Binalonan",L,142,"231,029",10397,561,10398,33,32,3,Province,,"2,400,000","3,120",1430,143,8,12000,"26,920,000",480,238,16,16.0527526,120.5882196,regioni_pangasinaniibinalonan
Region I,San Carlos City,M,84,"43,142",1886,76,1278,10,4,1,City,Component City,"2,400,000","3,120",1430,143,8,12000,"8,116,000",60,40,3,15.9258241,120.3476878,regioni_sancarlos
Region I,San Fernando City,S,61,"19,743",882,33,716,0,2,1,City,Component City,"2,400,000","3,120",1430,143,8,12000,"5,473,000",30,21,1,16.6158806,120.3236363,regioni_sanfernando
Region I,Urdaneta City,M,84,"30,604",1341,64,1177,10,2,1,City,Component City,"2,400,000","3,120",1430,143,8,12000,"7,226,000",30,62,4,15.9778108,120.5632534,regioni_urdaneta
Region I,Vigan City,S,61,"13,422",680,21,591,0,3,1,City,Component City,"2,400,000","3,120",1430,143,8,12000,"5,068,000",45,-20,-1,17.5755487,120.3872632,regioni_vigan
Region II,Batanes,S,61,"3,902",426,27,433,0,5,1,Province,,"2,400,000","3,120",1430,143,8,12000,"4,815,000",75,-37,-2,20.4507421,121.9713786,regionii_batanes
Region II,Cagayan,L,142,"225,245",10847,810,11296,33,49,3,Province,,"2,400,000","3,120",1430,143,8,12000,"28,099,000",735,223,15,17.6547824,121.7457222,regionii_cagayan
Region II,Cauayan City,S,61,"32,748",1315,80,1204,0,5,1,City,Component City,"2,400,000","3,120",1430,143,8,12000,"6,558,000",75,21,1,16.9290524,121.7330415,regionii_cauayan
Region II,City of Ilagan,S,61,"32,793",1492,98,1567,0,6,1,City,Component City,"2,400,000","3,120",1430,143,8,12000,"7,239,000",90,32,2,17.1439812,121.887014,regionii_ilagan
Region II,Isabela,L,142,"252,186",11955,884,11895,33,43,4,Province,,"2,400,000","3,120",1430,143,8,12000,"30,785,000",645,426,28,17.1439812,121.887014,regionii_isabela
Region II,Nueva Vizcaya,M,84,"103,132",4681,384,4982,10,23,1,Province,,"2,400,000","3,120",1430,143,8,12000,"14,015,000",345,100,7,16.4801097,121.145374,regionii_nuevavizcaya
Region II,Quirino,M,84,"45,269",2367,187,2417,10,8,1,Province,,"2,400,000","3,120",1430,143,8,12000,"9,209,000",120,139,9,16.5131928,121.5222792,regionii_quirino
Region II,Santiago City,S,61,"30,584",1103,41,1005,0,4,1,City,Component City,"2,400,000","3,120",1430,143,8,12000,"6,336,000",60,1,0,16.6847666,121.5514791,regionii_santiago
Region II,Tuguegarao City,M,84,"33,455",1358,35,1169,10,4,2,City,Component City,"2,400,000","3,120",1430,143,8,12000,"7,029,000",60,-9,-1,17.6341708,121.7269417,regionii_tuguegarao
Region III,Angeles City,M,84,"86,173",3147,52,2301,10,4,1,City,Highly Urbanized,"2,400,000","3,120",1430,143,8,12000,"10,164,000",60,14,1,15.1362624,120.594511,regioniii_angeles
Region III,Aurora,M,84,"53,532",2446,176,2754,10,8,1,Province,,"2,400,000","3,120",1430,143,8,12000,"9,438,000",120,100,7,16.0474764,121.6700916,regioniii_aurora
Region III,Balanga City,S,61,"25,313",934,24,936,0,2,1,City,Component City,"2,400,000","3,120",1430,143,8,12000,"5,352,000",30,5,0,14.6813961,120.546409,regioniii_balanga
Region III,Bataan,M,84,"156,928",15545,215,5948,10,12,2,Province,,"2,400,000","3,120",1430,143,8,12000,"15,332,000",180,417,28,14.7280818,120.5228374,regioniii_bataan
Region III,Bulacan,L,142,"441,442",2011,512,13221,33,23,4,Province,,"2,400,000","3,120",1430,143,8,12000,"38,821,000",345,-261,-17,14.8554468,120.8160945,regioniii_bulacan
Region III,Cabanatuan City,M,84,"55,564",943,65,1655,10,4,1,City,Component City,"2,400,000","3,120",1430,143,8,12000,"8,192,000",60,-27,-2,15.4903343,120.9753701,regioniii_cabanatuan
Region III,City of Baliwag,M,84,"25,594",5587,30,787,10,3,1,City,Component City,"2,400,000","3,120",1430,143,8,12000,"5,150,000",45,230,15,14.9549257,120.8915418,regioniii_baliwag
Region III,City of San Jose Del Monte,M,84,"124,806",810,59,2485,10,2,1,City,Component City,"2,400,000","3,120",1430,143,8,12000,"11,915,000",30,21,1,14.8080936,121.0395114,regioniii_sanjosedelmonte
Region III,Gapan City,S,61,"27,857",4088,41,846,0,2,1,City,Component City,"2,400,000","3,120",1430,143,8,12000,"6,319,000",30,50,3,15.3084516,120.9474323,regioniii_gapan
Region III,Mabalacat City,S,61,"49,216",1129,54,1339,0,3,1,City,Component City,"2,400,000","3,120",1430,143,8,12000,"7,575,000",45,7,0,15.2441214,120.5644379,regioniii_mabalacat
Region III,Malolos City,M,84,"41,207",1865,57,1310,10,2,1,City,Component City,"2,400,000","3,120",1430,143,8,12000,"7,883,000",30,34,2,14.8535363,120.8107255,regioniii_malolos
Region III,Meycauayan City,S,61,"34,206",1702,32,1039,0,2,2,City,Component City,"2,400,000","3,120",1430,143,8,12000,"6,482,000",30,40,3,14.7533041,120.9637122,regioniii_meycauayan
Region III,Nueva Ecija,L,142,"315,456",13177,764,13352,33,30,4,Province,,"2,400,000","3,120",1430,143,8,12000,"32,732,000",450,463,31,15.7330203,120.9316058,regioniii_nuevaecija
Region III,Olongapo City,M,84,"46,300",1861,40,1515,10,4,1,City,Highly Urbanized,"2,400,000","3,120",1430,143,8,12000,"8,134,000",60,-9,-1,14.84984,120.2928418,regioniii_olongapo
Region III,Pampanga,L,142,"326,913",12685,572,12023,33,33,4,Province,,"2,400,000","3,120",1430,143,8,12000,"31,929,000",495,197,13,15.0297869,120.6876474,regioniii_pampanga
Region III,San Fernando City,M,84,"63,450",2570,46,1776,10,3,1,City,Component City,"2,400,000","3,120",1430,143,8,12000,"8,825,000",45,46,3,15.060396,120.6469397,regioniii_sanfernando
Region III,San Jose City,S,61,"31,223",1170,61,1235,0,2,1,City,Component City,"2,400,000","3,120",1430,143,8,12000,"6,421,000",30,41,3,15.7990725,120.966479,regioniii_sanjose
Region III,Science City of Muñoz,S,61,"18,255",1155,38,907,0,1,1,City,Component City,"2,400,000","3,120",1430,143,8,12000,"5,425,000",15,29,2,15.7210193,120.8898994,regioniii_sciencecitymuoz
Region III,Tarlac,L,142,"239,607",9392,508,8723,33,28,3,Province,,"2,400,000","3,120",1430,143,8,12000,"24,710,000",420,197,13,15.4831532,120.5897344,regioniii_tarlac
Region III,Tarlac City,M,84,"64,770",2365,99,2257,10,9,1,City,Component City,"2,400,000","3,120",1430,143,8,12000,"9,069,000",135,-15,-1,15.4751798,120.607036,regioniii_tarlac
Region III,Zambales,M,84,"139,287",5672,316,6315,10,15,2,Province,,"2,400,000","3,120",1430,143,8,12000,"15,983,000",225,195,13,15.3228137,119.9832776,regioniii_zambales
Region IV-A,Antipolo City,M,84,"171,061",5658,68,3098,10,7,2,City,Component City,"2,400,000","3,120",1430,143,8,12000,"14,988,000",105,-19,-1,14.5905459,121.1835413,iva_antipolo
Region IV-A,Bacoor City,S,61,"79,364",2868,44,1659,0,2,1,City,Component City,"2,400,000","3,120",1430,143,8,12000,"9,008,000",30,13,1,14.4308782,120.9686275,iva_bacoor
Region IV-A,Batangas,L,142,"325,185",13997,702,13547,33,33,4,Province,,"2,400,000","3,120",1430,143,8,12000,"32,699,000",495,302,20,13.7606326,121.0636921,iva_batangas
Region IV-A,Batangas City,M,84,"59,184",2416,109,2524,10,7,3,City,Component City,"2,400,000","3,120",1430,143,8,12000,"9,144,000",105,20,1,13.7595296,121.0632701,iva_batangas
Region IV-A,Binan City,M,84,"61,312",2089,41,1557,10,1,1,City,Component City,"2,400,000","3,120",1430,143,8,12000,"8,238,000",15,29,2,14.3362641,121.0821667,iva_binan
Region IV-A,Cabuyao City,M,84,"57,082",1900,29,1304,10,5,1,City,Component City,"2,400,000","3,120",1430,143,8,12000,"7,695,000",75,-40,-3,14.2533455,121.1400738,iva_cabuyao
Region IV-A,Calamba City,M,84,"19,012",3274,38,2459,10,1,1,City,Component City,"2,400,000","3,120",1430,143,8,12000,"10,235,000",45,45,3,14.1948634,121.160827,iva_calamba
Region IV-A,Cavite,L,142,"101,976",12490,73,9134,33,3,4,Province,,"2,400,000","3,120",1430,143,8,12000,"31,646,000",300,76,5,14.2784643,120.8676613,iva_cavite
Region IV-A,Cavite City,S,61,"18,572",876,11,697,0,1,1,City,Component City,"2,400,000","3,120",1430,143,8,12000,"5,594,000",45,-29,-2,14.4811,120.8972,iva_cavite
Region IV-A,City of Calaca,S,61,"381,522",642,323,838,0,20,1,City,Component City,"2,400,000","3,120",1430,143,8,12000,"2,400,000",15,23,2,13.9330687,120.8106088,iva_calaca
Region IV-A,City of Carmona,S,61,"18,391",634,15,577,0,3,1,City,Component City,"2,400,000","3,120",1430,143,8,12000,"2,400,000",15,-4,0,14.3130891,121.0537616,iva_carmona
Region IV-A,Dasmarinas City,M,84,"114,599",4186,45,2446,10,2,3,City,Component City,"2,400,000","3,120",1430,143,8,12000,"12,085,000",30,20,1,14.3244335,120.9621757,iva_dasmarinas
Region IV-A,General Trias City,M,84,"81,381",2206,41,1121,10,2,2,City,Component City,"2,400,000","3,120",1430,143,8,12000,"8,147,000",30,9,1,14.3746893,120.8843709,iva_generaltrias
Region IV-A,Imus City,S,61,"74,020",2605,38,1658,0,2,2,City,Component City,"2,400,000","3,120",1430,143,8,12000,"8,436,000",30,12,1,14.4375448,120.9354957,iva_imus
Region IV-A,Laguna,L,142,"208,549",8115,345,7189,33,20,4,Province,,"2,400,000","3,120",1430,143,8,12000,"30,211,000",300,92,6,14.2765249,121.419112,iva_laguna
Region IV-A,Lipa City,M,84,"75,932",2578,85,2724,10,4,1,City,Component City,"2,400,000","3,120",1430,143,8,12000,"9,159,000",60,47,3,13.9425195,121.157521,iva_lipa
Region IV-A,Lucena City,M,84,"51,708",1775,54,1402,10,4,1,City,Highly Urbanized,"2,400,000","3,120",1430,143,8,12000,"7,867,000",60,1,0,13.9346302,121.6070061,iva_lucena
Region IV-A,Quezon,VL,196,"419,163",17352,958,15190,57,43,4,Province,,"2,400,000","3,120",1430,143,8,12000,"42,883,000",645,520,35,13.9627025,121.6543466,iva_quezon
Region IV-A,Rizal,L,142,"447,963",14837,308,9909,33,19,2,Province,,"2,400,000","3,120",1430,143,8,12000,"34,148,000",285,60,4,14.5737415,121.1475638,iva_rizal
Region IV-A,San Pablo City,M,84,"56,327",2130,81,1968,10,7,1,City,Component City,"2,400,000","3,120",1430,143,8,12000,"8,496,000",105,-13,-1,14.0715579,121.3229254,iva_sanpablo
Region IV-A,San Pedro City,M,84,"50,410",1794,28,1160,10,1,1,City,Component City,"2,400,000","3,120",1430,143,8,12000,"7,302,000",15,16,1,14.3641874,121.0570748,iva_sanpedro
Region IV-A,Sta. Rosa City,M,84,"62,926",2043,28,1368,10,3,1,City,Component City,"2,400,000","3,120",1430,143,8,12000,"7,943,000",45,-11,-1,14.3191033,121.1126258,iva_starosa
Region IV-A,Sto. Tomas City,M,84,"35,566",1049,32,903,10,2,2,City,Component City,"2,400,000","3,120",1430,143,8,12000,"5,540,000",30,3,0,13.7544563,121.0531305,iva_stotomas
Region IV-A,Tanauan City,M,84,"39,422",1434,59,1588,10,10,1,City,Component City,"2,400,000","3,120",1430,143,8,12000,"7,350,000",150,-85,-6,14.0865988,121.1258532,iva_tanauan
Region IV-A,Tayabas City,S,61,"21,979",890,35,562,0,2,1,City,Component City,"2,400,000","3,120",1430,143,8,12000,"5,351,000",30,18,1,14.0004321,121.5694304,iva_tayabas
Region IX,Dapitan City,S,61,"20,443",929,61,751,0,5,1,City,Component City,"2,400,000","3,120",1430,143,8,12000,"6,132,000",75,3,0,8.6373142,123.4138207,regionix_dapitan
Region IX,Dipolog City,M,84,"32,912",1365,48,1247,10,4,1,City,Component City,"2,400,000","3,120",1430,143,8,12000,"7,106,000",60,7,0,8.5771881,123.3399518,regionix_dipolog
Region IX,Isabela City,M,84,"31,998",1418,66,992,10,4,1,City,Component City,"2,400,000","3,120",1430,143,8,12000,"7,324,000",60,21,1,6.7073072,121.9753838,regionix_isabela
Region IX,Pagadian City,M,84,"43,890",1751,82,1354,10,5,1,City,Component City,"2,400,000","3,120",1430,143,8,12000,"7,995,000",75,38,3,7.8345971,123.4317159,regionix_pagadian
Region IX,Sulu,M,84,"141,816",3598,460,,10,20,,,,,,,,,,"2,400,000",225,233,16,6.0531173,121.0007633,regionix_sulu
Region IX,Zamboanga City,M,84,"234,814",7822,222,5952,10,12,2,City,Highly Urbanized,"2,400,000","3,120",1430,143,8,12000,"20,088,000",180,84,6,6.9147709,122.0593461,regionix_zamboanga
Region IX,Zamboanga del Norte,L,142,"211,429",9067,766,8513,33,35,3,Province,,"2,400,000","3,120",1430,143,8,12000,"25,703,000",525,383,26,8.5830073,123.3465987,regionix_zamboangadelnorte
Region IX,Zamboanga del Sur,L,142,"189,030",9105,811,8716,33,32,2,Province,,"2,400,000","3,120",1430,143,8,12000,"25,663,000",480,453,30,7.8476679,123.4301883,regionix_zamboangadelsur
Region IX,Zamboanga Sibugay,M,84,"157,190",6892,508,5488,10,16,2,Province,,"2,400,000","3,120",1430,143,8,12000,"19,107,000",240,344,23,7.7993156,122.6144833,regionix_zamboangasibugay
Region V,Albay,L,142,"210,607",9833,556,8616,33,25,3,Province,,"2,400,000","3,120",1430,143,8,12000,"25,082,000",375,288,19,13.1569235,123.729074,regionv_albay
Region V,Camarines Norte,M,84,"154,346",6118,319,5935,10,14,2,Province,,"2,400,000","3,120",1430,143,8,12000,"17,095,000",210,186,12,14.1020414,122.9544079,regionv_camarinesnorte
Region V,Camarines Sur,VL,196,"422,961",18677,1101,15085,57,38,5,Province,,"2,400,000","3,120",1430,143,8,12000,"45,939,000",570,762,51,13.5643393,123.2672987,regionv_camarinessur
Region V,Catanduanes,M,84,"70,314",3591,268,3491,10,20,1,Province,,"2,400,000","3,120",1430,143,8,12000,"12,010,000",300,22,1,13.8076799,124.2748107,regionv_catanduanes
Region V,Iriga City,S,61,"23,976",1108,51,1108,0,3,1,City,Component City,"2,400,000","3,120",1430,143,8,12000,"6,402,000",45,23,2,13.4239548,123.4150441,regionv_iriga
Region V,Legaspi City,M,84,"41,899",1720,58,1422,10,4,1,City,Component City,"2,400,000","3,120",1430,143,8,12000,"7,687,000",60,13,1,13.1405051,123.7356369,regionv_legaspi
Region V,Ligao City,M,84,"32,529",1390,67,1273,10,3,1,City,Component City,"2,400,000","3,120",1430,143,8,12000,"7,076,000",45,34,2,13.238216,123.542562,regionv_ligao
Region V,Masbate,L,142,"208,660",10491,707,8175,33,32,3,Province,,"2,400,000","3,120",1430,143,8,12000,"27,197,000",480,410,27,12.373,123.631,regionv_masbate
Region V,Masbate City,M,84,"27,675",1166,46,893,10,4,1,City,Component City,"2,400,000","3,120",1430,143,8,12000,"6,758,000",60,-4,0,12.3690583,123.6274969,regionv_masbate
Region V,Naga City,M,84,"47,176",1856,45,1487,10,4,1,City,Component City,"2,400,000","3,120",1430,143,8,12000,"7,804,000",60,-6,0,13.6162788,123.1900902,regionv_naga
Region V,Sorsogon,M,84,"167,033",7811,531,7283,10,20,2,Province,,"2,400,000","3,120",1430,143,8,12000,"21,088,000",300,326,22,12.985,124.028,regionv_sorsogon
Region V,Sorsogon City,M,84,"44,105",1867,83,1194,10,4,1,City,Component City,"2,400,000","3,120",1430,143,8,12000,"8,116,000",60,47,3,12.9812012,124.0246203,regionv_sorsogon
Region V,Tabaco City,M,84,"38,569",1653,51,1389,10,4,1,City,Component City,"2,400,000","3,120",1430,143,8,12000,"7,404,000",60,1,0,13.3359126,123.7360113,regionv_tabaco
Region VI,Aklan,M,84,"120,694",5941,380,5747,10,19,1,Province,,"2,400,000","3,120",1430,143,8,12000,"16,006,000",285,220,15,11.7040031,122.3267881,regionvi_aklan
Region VI,Antique,M,84,"135,084",6591,538,6817,10,22,1,Province,,"2,400,000","3,120",1430,143,8,12000,"18,421,000",330,286,19,10.7467606,121.9455235,regionvi_antique
Region VI,Capiz,M,84,"130,474",7033,471,7123,10,18,2,Province,,"2,400,000","3,120",1430,143,8,12000,"18,534,000",270,282,19,11.5851263,122.7707213,regionvi_capiz
Region VI,Guimaras,M,84,"40,763",1795,116,1781,10,8,1,Province,,"2,400,000","3,120",1430,143,8,12000,"8,061,000",120,13,1,10.5976708,122.5882251,regionvi_guimaras
Region VI,Iloilo,VL,196,"417,683",19617,1174,19308,57,52,6,Province,,"2,400,000","3,120",1430,143,8,12000,"47,820,000",780,644,43,10.704,122.568,regionvi_iloilo
Region VI,Iloilo City,M,84,"74,351",2980,65,2649,10,7,1,City,Highly Urbanized,"2,400,000","3,120",1430,143,8,12000,"10,103,000",105,-20,-1,10.7007063,122.564349,regionvi_iloilo
Region VI,Passi City,S,61,"20,521",936,46,790,0,2,1,City,Component City,"2,400,000","3,120",1430,143,8,12000,"5,645,000",30,29,2,11.1043309,122.6438583,regionvi_passi
Region VI,Roxas City,M,84,"30,629",1277,50,1149,10,3,1,City,Component City,"2,400,000","3,120",1430,143,8,12000,"7,026,000",45,36,2,11.5850153,122.771055,regionvi_roxas
Region VII,Bogo City,S,61,"18,792",700,38,768,0,3,2,City,Component City,"2,400,000","3,120",1430,143,8,12000,"5,029,000",45,7,0,11.0453282,123.9799282,regionvii_bogo
Region VII,Bohol,L,142,"267,648",13659,1131,12079,33,52,3,Province,,"2,400,000","3,120",1430,143,8,12000,"35,511,000",780,548,37,9.6588342,123.8579433,regionvii_bohol
Region VII,Carcar City,M,84,"33,994",1149,50,883,10,2,1,City,Component City,"2,400,000","3,120",1430,143,8,12000,"6,647,000",30,37,2,10.1061659,123.6437537,regionvii_carcar
Region VII,Cebu,VL,196,"535,034",22557,1143,18372,57,55,6,Province,,"2,400,000","3,120",1430,143,8,12000,"52,468,000",825,647,43,10.3385,123.8996,regionvii_cebu
Region VII,Cebu City,M,84,"173,233",5995,107,4655,10,16,2,City,Highly Urbanized,"2,400,000","3,120",1430,143,8,12000,"17,216,000",240,-68,-5,10.3034374,123.9028176,regionvii_cebu
Region VII,"City of Naga, Cebu",S,61,"30,010",2492,55,816,0,3,1,City,Component City,"2,400,000","3,120",1430,143,8,12000,"6,279,000",45,16,1,10.2111259,123.7548677,regionvii_nagacebu
Region VII,Danao City,M,84,"34,733",1148,61,1007,10,4,2,City,Component City,"2,400,000","3,120",1430,143,8,12000,"7,219,000",60,20,1,10.5247599,124.0243279,regionvii_danao
Region VII,Lapu-lapu City,M,84,"99,709",1542,70,2321,10,4,2,City,Highly Urbanized,"2,400,000","3,120",1430,143,8,12000,"10,780,000",60,35,2,10.3129881,123.9484807,regionvii_lapulapu
Region VII,Mandaue City,M,84,"64,310",3349,48,1449,10,4,2,City,Highly Urbanized,"2,400,000","3,120",1430,143,8,12000,"8,955,000",60,23,2,10.3249149,123.9440109,regionvii_mandaue
Region VII,Tagbilaran City,S,61,"18,931",859,26,562,0,1,1,City,Component City,"2,400,000","3,120",1430,143,8,12000,"5,305,000",15,17,1,9.6529834,123.8729761,regionvii_tagbilaran
Region VII,Talisay City,M,84,"53,004",1849,44,959,10,3,1,City,Component City,"2,400,000","3,120",1430,143,8,12000,"7,690,000",45,11,1,10.2451986,123.8446969,regionvii_talisay
Region VII,Toledo City,M,84,"50,732",1924,67,1038,10,4,2,City,Component City,"2,400,000","3,120",1430,143,8,12000,"7,864,000",60,15,1,10.3793673,123.641127,regionvii_toledo
Region VIII,Baybay City,S,61,"24,945",1226,82,992,0,4,1,City,Component City,"2,400,000","3,120",1430,143,8,12000,"6,545,000",60,37,2,10.675352,124.8028479,regionviii_baybay
Region VIII,Biliran,M,84,"46,806",2125,143,2073,10,9,1,Province,,"2,400,000","3,120",1430,143,8,12000,"8,851,000",135,31,2,11.5792946,124.412443,regionviii_biliran
Region VIII,Borongan City,S,61,"17,544",765,58,848,0,3,1,City,Component City,"2,400,000","3,120",1430,143,8,12000,"5,594,000",45,21,1,11.6152006,125.4386032,regionviii_borongan
Region VIII,Calbayog City,M,84,"47,138",2290,174,1882,10,10,1,City,Component City,"2,400,000","3,120",1430,143,8,12000,"9,158,000",150,67,4,12.0726705,124.5967942,regionviii_calbayog
Region VIII,Catbalogan City,M,84,"26,552",1183,58,913,10,5,1,City,Component City,"2,400,000","3,120",1430,143,8,12000,"6,955,000",75,-8,-1,11.7754838,124.8836374,regionviii_catbalogan
Region VIII,Eastern Samar,M,84,"96,984",5225,466,5509,10,27,1,Province,,"2,400,000","3,120",1430,143,8,12000,"15,326,000",405,105,7,11.6027959,125.4373599,regionviii_easternsamar
Region VIII,Leyte,L,142,"337,094",15923,1286,15978,33,60,5,Province,,"2,400,000","3,120",1430,143,8,12000,"41,151,000",900,513,34,11.0741499,124.5938313,regionviii_leyte
Region VIII,Maasin City,S,61,"14,134",866,76,864,0,4,1,City,Component City,"2,400,000","3,120",1430,143,8,12000,"6,168,000",60,33,2,10.1321469,124.832997,regionviii_maasin
Region VIII,Northern Samar,M,84,"161,643",8117,610,6405,10,36,2,Province,,"2,400,000","3,120",1430,143,8,12000,"21,303,000",540,138,9,12.5006638,124.6371619,regionviii_northernsamar
Region VIII,Ormoc City,M,84,"53,028",2266,98,1938,10,6,1,City,Component City,"2,400,000","3,120",1430,143,8,12000,"8,654,000",90,32,2,11.0090349,124.609394,regionviii_ormoc
Region VIII,Samar (Western Samar),M,84,"128,518",7139,742,5795,10,29,2,Province,,"2,400,000","3,120",1430,143,8,12000,"19,869,000",435,413,28,11.7734858,124.8844186,regionviii_samarwesternsamar
Region VIII,Southern Leyte,M,84,"69,802",3975,343,4236,10,20,1,Province,,"2,400,000","3,120",1430,143,8,12000,"12,538,000",300,95,6,10.1331,124.8507416,regionviii_southernleyte
Region VIII,Tacloban City,M,84,"52,166",2232,60,2169,10,6,1,City,Highly Urbanized,"2,400,000","3,120",1430,143,8,12000,"8,552,000",90,-16,-1,11.2470732,124.9971847,regionviii_tacloban
Region X,Bukidnon,L,142,"279,129","10,439",654,7114,33,30,4,Province,,"2,400,000","3,120",1430,143,8,12000,"26,931,000",450,352,23,8.1622954,125.1190254,regionx_bukidnon
Region X,Cagayan de Oro City,M,84,"138,334","4,459",115,3829,10,10,2,City,Highly Urbanized,"2,400,000","3,120",1430,143,8,12000,"13,859,000",150,18,1,8.4386755,124.6205649,regionx_cagayandeoro
Region X,Camiguin,S,61,"21,822","1,074",66,840,0,4,1,Province,,"2,400,000","3,120",1430,143,8,12000,"6,386,000",60,27,2,9.2437836,124.725675,regionx_camiguin
Region X,El Salvador,S,61,"12,401",404,24,485,0,2,1,City,Component City,"2,400,000","3,120",1430,143,8,12000,"4,658,000",30,4,0,8.55402,124.5222682,regionx_elsalvador
Region X,Gingoog City,M,84,"33,830","1,518",97,758,10,10,1,City,Component City,"2,400,000","3,120",1430,143,8,12000,"7,333,000",150,-8,-1,8.7475204,125.0988136,regionx_gingoog
Region X,Iligan City,M,84,"78,956","3,088",113,2127,10,13,1,City,Highly Urbanized,"2,400,000","3,120",1430,143,8,12000,"10,286,000",195,-47,-3,8.227522,124.241523,regionx_iligan
Region X,Lanao del Norte,M,84,"138,443","5,281",384,4679,10,25,2,Province,,"2,400,000","3,120",1430,143,8,12000,"15,479,000",375,106,7,8.1422335,124.2006748,regionx_lanaodelnorte
Region X,Malaybalay City,M,84,"51,812","2,056",87,1383,10,10,1,City,Component City,"2,400,000","3,120",1430,143,8,12000,"8,134,000",150,-19,-1,8.1310189,125.1267938,regionx_malaybalay
Region X,Misamis Occidental,M,84,"65,464","3,367",338,3585,10,17,2,Province,,"2,400,000","3,120",1430,143,8,12000,"11,819,000",255,153,10,8.4879303,123.801519,regionx_misamisoccidental
Region X,Misamis Oriental,M,84,"184,445","7,470",422,5222,10,23,2,Province,,"2,400,000","3,120",1430,143,8,12000,"20,116,000",345,182,12,8.442,124.624,regionx_misamisoriental
Region X,Oroquieta City,S,61,"15,489",848,51,754,0,6,1,City,Component City,"2,400,000","3,120",1430,143,8,12000,"5,642,000",90,-21,-1,8.4876489,123.8017531,regionx_oroquieta
Region X,Ozamis City,M,84,"30,414","1,212",58,1336,10,5,1,City,Component City,"2,400,000","3,120",1430,143,8,12000,"7,147,000",75,11,1,8.1585262,123.8396777,regionx_ozamis
Region X,Tangub City,S,61,"17,065",805,65,891,0,4,1,City,Component City,"2,400,000","3,120",1430,143,8,12000,"5,514,000",60,26,2,8.0611585,123.7514157,regionx_tangub
Region X,Valencia City,M,84,"49,770","1,916",65,1032,10,7,1,City,Component City,"2,400,000","3,120",1430,143,8,12000,"7,699,000",105,14,1,7.9028844,125.0898033,regionx_valencia
Region XI,Davao City,L,142,"364,012","12,466",438,10518,33,20,3,City,Highly Urbanized,"2,400,000","3,120",1430,143,8,12000,"30,559,000",300,269,18,7.0724117,125.6090234,regionxi_davao
Region XI,Davao De Oro,M,84,"182,333","7,615",419,6979,10,13,2,Province,,"2,400,000","3,120",1430,143,8,12000,"19,929,000",195,329,22,7.5764082,125.9921048,regionxi_davaodeoro
Region XI,Davao del Norte,M,84,"117,348","4,754",264,4261,10,10,2,Province,,"2,400,000","3,120",1430,143,8,12000,"13,871,000",150,203,14,7.0795555,125.7179711,regionxi_davaodelnorte
Region XI,Davao del Sur,M,84,"104,840","4,180",263,3790,10,14,2,Province,,"2,400,000","3,120",1430,143,8,12000,"13,823,000",210,87,6,6.7489171,125.3636547,regionxi_davaodelsur
Region XI,Davao Occidental,M,84,"71,224","3,432",219,2839,10,13,2,Province,,"2,400,000","3,120",1430,143,8,12000,"11,723,000",195,67,4,6.4560173,125.5793417,regionxi_davaooccidental
Region XI,Davao Oriental,M,84,"107,100","4,761",333,4626,10,16,2,Province,,"2,400,000","3,120",1430,143,8,12000,"14,003,000",240,178,12,6.9436687,126.2597595,regionxi_davaooriental
Region XI,Digos City,M,84,"39,835","1,542",48,728,10,3,1,City,Component City,"2,400,000","3,120",1430,143,8,12000,"7,347,000",45,9,1,6.7449171,125.3596547,regionxi_digos
Region XI,Island Garden City of Samal,S,61,"28,316","1,174",75,1150,0,3,1,City,Component City,"2,400,000","3,120",1430,143,8,12000,"6,267,000",45,53,4,7.0725767,125.7097183,regionxi_islandgardencitysamal
Region XI,Mati City,M,84,"37,597","1,570",72,1382,10,3,2,City,Component City,"2,400,000","3,120",1430,143,8,12000,"7,350,000",45,56,4,6.9497402,126.2730585,regionxi_mati
Region XI,Panabo City,M,84,"47,098","1,728",62,1177,10,3,1,City,Component City,"2,400,000","3,120",1430,143,8,12000,"7,571,000",45,31,2,7.2832992,125.6706482,regionxi_panabo
Region XI,Tagum City,M,84,"60,809","2,158",39,1861,10,3,1,City,Component City,"2,400,000","3,120",1430,143,8,12000,"8,601,000",45,10,1,7.4157264,125.8263378,regionxi_tagum
Region XII,General Santos City,M,84,"150,907","5,144",106,3785,10,15,1,City,Highly Urbanized,"2,400,000","3,120",1430,143,8,12000,"14,111,000",225,-92,-6,6.1294497,125.1867218,regionxii_generalsantos
Region XII,Kidapawan City,M,84,"40,207","1,617",76,1191,10,5,2,City,Component City,"2,400,000","3,120",1430,143,8,12000,"7,370,000",75,32,2,7.0070098,125.0912555,regionxii_kidapawan
Region XII,Koronadal City,M,84,"41,624","1,625",54,747,10,6,1,City,Component City,"2,400,000","3,120",1430,143,8,12000,"7,376,000",90,-28,-2,6.4999273,124.840333,regionxii_koronadal
Region XII,North Cotabato,L,142,"276,595","11,197",784,8930,33,51,3,Province,,"2,400,000","3,120",1430,143,8,12000,"29,525,000",765,136,9,7.01,125.094,regionxii_northcotabato
Region XII,Sarangani,M,84,"141,723","6,224",327,3879,10,22,1,Province,,"2,400,000","3,120",1430,143,8,12000,"16,647,000",330,189,13,6.1027828,125.2920305,regionxii_sarangani
Region XII,South Cotabato,M,84,"188,055","7,208",384,6804,10,18,2,Province,,"2,400,000","3,120",1430,143,8,12000,"19,136,000",270,266,18,6.4961441,124.8394465,regionxii_southcotabato
Region XII,Sultan Kudarat,M,84,"156,362","6,694",408,5481,10,28,2,Province,,"2,400,000","3,120",1430,143,8,12000,"17,811,000",420,101,7,6.6935316,124.6756671,regionxii_sultankudarat
Region XII,Tacurong City,S,61,"22,043",895,31,847,0,5,1,City,Component City,"2,400,000","3,120",1430,143,8,12000,"5,608,000",75,-36,-2,6.6677397,124.6896928,regionxii_tacurong
